,Chemical,Time,Node,Error,Expected Conc,Eval Conc
0,H2O,0.0,out,0.0006071636771300231,0.0892,0.089254159
0,Tag,0.0,out,0.023838118999999942,0.01,0.00976161881
0,Sample,0.0,out,0.23027770500000005,0.0008,0.000984222164
