,Chemical,Time,Node,Error,Expected Conc,Eval Conc
0,H2O,0.0,out,0.002322040358744416,0.0892,0.089407126
0,Tag,0.0,out,0.012288017676767696,0.0396,0.0391133945
0,Sample,0.0,out,0.01815677857142865,1.4e-08,1.42541949e-08
