,Chemical,Time,Node,Error,Expected Conc,Eval Conc
0,H2O,0.0,out,0.10362128587443939,0.0892,0.0984430187
0,Tag,0.0,out,-0.99848328047,0.01,1.51671953e-05
0,Sample,0.0,out,0.92726765,0.0008,0.00154181412
