,Chemical,Time,Node,Error,Expected Conc,Eval Conc
0,H2O,0.0,out,0.002322040358744416,0.0892,0.089407126
0,Tag,0.0,out,0.022165138,0.01,0.00977834862
0,Sample,0.0,out,0.018156777499999974,0.0008,0.000814525422
